{
  "pages/auth/create-account": "{{inject 'passwordRequirements' settings.password_requirements}}\n{{#partial \"page\"}}\n    {{> components/common/breadcrumbs breadcrumbs=breadcrumbs}}\n    <h1 class=\"page-heading\">{{lang 'create_account.heading' }}</h1>\n\n    <div class=\"account account--fixed\">\n        <div class=\"account-body\">\n            {{#if forms.create_account.error}}\n                {{> components/common/alert-error forms.create_account.error}}\n            {{/if}}\n            {{#if settings.account_creation_enabled}}\n                <form action=\"{{urls.auth.save_new_account}}\" data-create-account-form method=\"post\" class=\"form\">\n                    <div class=\"form-row form-row--half\">\n                        {{#each forms.create_account.account_fields }}\n                            {{{dynamicComponent 'components/common/forms'}}}\n                        {{/each}}\n                        {{#each forms.create_account.address_fields }}\n                            {{{dynamicComponent 'components/common/forms'}}}\n                        {{/each}}\n                        {{inject 'required' (lang 'common.required')}}\n                        {{inject 'state_error' (lang 'errors.state_error')}}\n                    </div>\n                    {{{ forms.create_account.recaptcha.markup}}}\n                    <div class=\"form-actions\">\n                        <input type=\"submit\" class=\"button button--primary\" value=\"{{lang 'forms.create_account.submit_value' }}\" />\n                    </div>\n                </form>\n            {{/if}}\n        </div>\n    </div>\n{{/partial}}\n{{> layout/base}}\n",
  "components/common/breadcrumbs": "<ul class=\"breadcrumbs\" itemscope itemtype=\"http://schema.org/BreadcrumbList\">\n    {{#unless theme_settings.hide_breadcrumbs }}\n        {{#each breadcrumbs}}\n            <li class=\"breadcrumb {{#if @last}}is-active{{/if}}\" itemprop=\"itemListElement\" itemscope itemtype=\"http://schema.org/ListItem\">\n                {{#or @last (if url \"==\" null)}}\n                    <meta itemprop=\"item\" content=\"{{url}}\">\n                    <span class=\"breadcrumb-label\" itemprop=\"name\">{{name}}</span>\n                {{else}}\n                    <a href=\"{{url}}\" class=\"breadcrumb-label\" itemprop=\"item\"><span itemprop=\"name\">{{name}}</span></a>\n                {{/or}}\n                <meta itemprop=\"position\" content=\"{{add @index 1}}\" />\n            </li>\n        {{/each}}\n    {{/unless}}\n</ul>\n",
  "components/common/alert-error": "<div class=\"alertBox alertBox--error\">\n    <div class=\"alertBox-column alertBox-icon\">\n        <icon glyph=\"ic-error\" class=\"icon\" aria-hidden=\"true\"><svg xmlns=\"http://www.w3.org/2000/svg\" width=\"24\" height=\"24\" viewBox=\"0 0 24 24\"><path d=\"M12 2C6.48 2 2 6.48 2 12s4.48 10 10 10 10-4.48 10-10S17.52 2 12 2zm1 15h-2v-2h2v2zm0-4h-2V7h2v6z\"></path></svg></icon>\n    </div>\n    <p class=\"alertBox-column alertBox-message\">\n        <span>{{{this}}}</span>\n    </p>\n</div>\n",
  "components/common/forms/date": "<div class=\"form-field\" id=\"{{id}}\" data-validation=\"{{validation}}\" {{#if private_id}}data-type=\"{{private_id}}\"{{/if}}>\n    <label class=\"form-label\" for=\"{{id}}\" >{{label}}\n    {{#if required}}<small>{{lang 'common.required' }}</small>{{/if}}</label>\n    <div class=\"form-row form-row--third\">\n        <div class=\"form-field\">\n            <select class=\"form-select\" name=\"{{month.name}}\" id=\"{{id}}_month\" data-label=\"month\"  aria-required=\"{{required}}\" {{#if private_id}}data-field-type=\"{{private_id}}\"{{/if}}>\n                {{#each month.items}}\n                    <option {{#if ../month.value '==' value}} selected {{/if}}value=\"{{value}}\">{{label}}</option>\n                {{/each}}\n            </select>\n        </div>\n        <div class=\"form-field\">\n            <select class=\"form-select\" name=\"{{day.name}}\" id=\"{{id}}_day\" data-label=\"day\" aria-required=\"{{required}}\" {{#if private_id}}data-field-type=\"{{private_id}}\"{{/if}}>\n                {{#each day.items}}\n                    <option {{#if ../day.value '==' value}} selected {{/if}}value=\"{{value}}\">{{label}}</option>\n                {{/each}}\n            </select>\n        </div>\n        <div class=\"form-field\">\n            <select class=\"form-select\" name=\"{{year.name}}\" id=\"{{id}}_year\" data-label=\"year\" aria-required=\"{{required}}\" {{#if private_id}}data-field-type=\"{{private_id}}\"{{/if}}>\n                {{#each year.items}}\n                    <option {{#if ../year.value '==' value}} selected {{/if}}value=\"{{value}}\">{{label}}</option>\n                {{/each}}\n            </select>\n        </div>\n    </div>\n</div>\n",
  "layout/base": "<!DOCTYPE html>\n<html class=\"no-js\" lang=\"{{ locale_name }}\">\n\t<head>\n\t\t<title>{{ head.title }}</title>\n\t\t{{{ resourceHints }}} {{{ head.meta_tags }}} {{{ head.config }}} {{#block\n\t\t\"head\"}} {{/block}}\n\n\t\t<link href=\"{{ head.favicon }}\" rel=\"shortcut icon\" />\n\t\t<meta\n\t\t\tname=\"viewport\"\n\t\t\tcontent=\"width=device-width, initial-scale=1, maximum-scale=1\"\n\t\t/>\n\n\t\t<script>\n\t\t\t{{!-- Change document class from no-js to js so we can detect this in css --}}\n\t\t\tdocument.documentElement.className = document.documentElement.className.replace('no-js', 'js');\n\t\t</script>\n\t\t{{!-- Load Lazysizes script ASAP so images will appear --}}\n\t\t<script>\n\t\t\t{{!-- Only load visible elements until the onload event fires, after which preload nearby elements. --}}\n\t\t\twindow.lazySizesConfig = window.lazySizesConfig || {};\n\t\t\twindow.lazySizesConfig.loadMode = 1;\n\t\t</script>\n\t\t<script\n\t\t\tasync\n\t\t\tsrc=\"{{cdn 'assets/dist/theme-bundle.head_async.js'}}\"\n\t\t></script>\n\n\t\t{{ getFontsCollection }} {{{stylesheet '/assets/css/theme.css'}}}\n\t\t{{{head.scripts}}} {{~inject 'themeSettings' theme_settings}} {{~inject\n\t\t'genericError' (lang 'common.generic_error')}} {{~inject 'maintenanceMode'\n\t\tsettings.maintenance}} {{~inject 'urls' urls}} {{~inject 'secureBaseUrl'\n\t\tsettings.secure_base_url}} {{~inject 'cartId' cart_id}} {{~inject 'template'\n\t\ttemplate}}\n\t</head>\n\t<body>\n\t\t<svg\n\t\t\tdata-src=\"{{cdn 'img/icon-sprite.svg'}}\"\n\t\t\tclass=\"icons-svg-sprite\"\n\t\t></svg>\n\n\t\t{{> components/common/header }} {{> components/common/body }} {{>\n\t\tcomponents/common/footer }}\n\n\t\t<script>\n\t\t\twindow.__webpack_public_path__ = \"{{cdn 'assets/dist/'}}\";\n\t\t</script>\n\t\t<script src=\"{{cdn 'assets/dist/theme-bundle.main.js'}}\"></script>\n\t\t<script>\n\t\t\t{{!-- Exported in app.js --}}\n\t\t\twindow.stencilBootstrap(\"{{page_type}}\", {{jsContext}}).load();\n\t\t</script>\n\t\t<script>\n\t\t\tfunction createCart(url, cartItems) {\n\t\t\t\treturn fetch(url, {\n\t\t\t\t\tmethod: 'POST',\n\t\t\t\t\tcredentials: 'same-origin',\n\t\t\t\t\theaders: {\n\t\t\t\t\t\t'Content-Type': 'application/json'\n\t\t\t\t\t},\n\t\t\t\t\tbody: JSON.stringify(cartItems)\n\t\t\t\t}).then((response) => response.json());\n\t\t\t}\n\n\t\t\tfunction addingItemToCart() {\n\t\t\t\tcreateCart('/api/storefront/carts', {\n\t\t\t\t\tlineItems: [\n\t\t\t\t\t\t{\n\t\t\t\t\t\t\tquantity: 1,\n\t\t\t\t\t\t\tproductId: 86\n\t\t\t\t\t\t},\n\t\t\t\t\t\t{\n\t\t\t\t\t\t\tquantity: 1,\n\t\t\t\t\t\t\tproductId: 88\n\t\t\t\t\t\t},\n\t\t\t\t\t\t{\n\t\t\t\t\t\t\tquantity: 1,\n\t\t\t\t\t\t\tproductId: 107\n\t\t\t\t\t\t}\n\t\t\t\t\t]\n\t\t\t\t})\n\t\t\t\t\t.then((data) => console.log(JSON.stringify(data)))\n\t\t\t\t\t.catch((error) => console.error(error));\n\t\t\t}\n\n\t\t\tdocument\n\t\t\t\t.getElementById('obundleButton')\n\t\t\t\t.addEventListener('click', addingItemToCart);\n\t\t</script>\n\n\t\t{{{footer.scripts}}}\n\t</body>\n</html>\n",
  "components/common/forms/checkbox": "<div class=\"form-field\" id=\"{{id}}\" data-validation=\"{{validation}}\" {{#if private_id}}data-type=\"{{private_id}}\"{{/if}}>\n    <label class=\"form-label\" for=\"{{id}}\">{{label}}\n        {{#if required}}\n            <small>{{lang 'common.required' }}</small>\n        {{/if}}\n    </label>\n    {{#if checkboxes}}\n        {{#each checkboxes}}\n            <input type=\"checkbox\" value=\"{{value}}\" name=\"{{name}}\" id=\"{{name}}\" data-label=\"{{label}}\" class=\"form-checkbox\" {{#if checked}}checked{{/if}} {{#if private_id}}data-field-type=\"{{private_id}}\"{{/if}}>\n            <label class=\"form-label {{class}}\" for=\"{{name}}\">{{label}}</label>\n        {{/each}}\n    {{/if}}\n</div>\n",
  "components/common/forms/multiline": "<div class=\"form-field\" id=\"{{id}}\" data-validation=\"{{validation}}\">\n    <label class=\"form-label\" for=\"{{id}}_input\">{{label}}\n        {{#if required}}\n            <small>{{lang 'common.required' }}</small>\n        {{/if}}\n    </label>\n    <textarea name=\"{{name}}\" id=\"{{id}}_input\" data-label=\"{{label}}\" rows=\"{{rows}}\" aria-required=\"{{required}}\" class=\"form-input\" {{#if private_id}}data-field-type=\"{{private_id}}\"{{/if}}>{{value}}</textarea>\n</div>\n",
  "components/common/forms/number": "<div class=\"form-field\" id=\"{{id}}\" data-validation=\"{{validation}}\">\n    <label class=\"form-label\" for=\"{{id}}_input\">{{label}}\n        {{#if required}}<small>{{lang 'common.required' }}</small>{{/if}}\n    </label>\n    <input type=\"number\" class=\"form-input\" data-label=\"{{label}}\" data-rule=\"lowerThan\" min=\"{{limitfrom}}\" max=\"{{limitto}}\" title=\"{{lang 'forms.range' limitFrom=limitfrom limitTo=limitto}}\" value=\"{{value}}\" id=\"{{id}}_input\" name=\"{{name}}\" aria-required=\"{{required}}\" {{#if private_id}}data-field-type=\"{{private_id}}\"{{/if}}>\n</div>\n",
  "components/common/forms/radio": "<div class=\"form-field\" id=\"{{id}}\" data-validation=\"{{validation}}\">\n    <label class=\"form-label\">{{label}}\n        {{#if required}}\n            <small>{{lang 'common.required' }}</small>\n        {{/if}}\n    </label>\n    {{#if radios}}\n        {{#each radios}}\n            <input \n                type=\"radio\"\n                class=\"form-radio\"\n                name=\"{{../name}}\"\n                id=\"{{../name}}_{{@index}}\"\n                value=\"{{value}}\"\n                data-label=\"{{label}}\"\n                aria-required=\"{{required}}\"\n                {{#if checked}}\n                    checked\n                {{/if}}\n                {{#if private_id}}\n                    data-field-type=\"{{private_id}}\"\n                {{/if}}>\n            <label class=\"form-label\" for=\"{{../name}}_{{@index}}\">{{label}}</label>\n        {{/each}}\n    {{/if}}\n</div>\n",
  "components/common/forms/password": "<div class=\"form-field\" id=\"{{id}}\" data-validation=\"{{validation}}\" {{#if private_id}}data-type=\"{{private_id}}\"{{/if}}>\n    <label class=\"form-label\" for=\"{{id}}_input\">{{label}}\n        {{#if required}}\n            <small>{{lang 'common.required' }}</small>\n        {{/if}}\n    </label>\n    <input type=\"password\"  class=\"form-input\" id=\"{{id}}_input\" data-label=\"{{label}}\" name=\"{{name}}\" value=\"{{value}}\" autocomplete=\"off\" aria-required=\"{{required}}\" {{#if private_id}}data-field-type=\"{{private_id}}\"{{/if}}>\n</div>\n",
  "components/common/forms/selectortext": "<div class=\"form-field\" id=\"{{id}}\" data-validation=\"{{validation}}\" {{#if private_id}}data-type=\"{{private_id}}\"{{/if}}>\n    <noscript>\n        <label class=\"form-label\" for=\"{{id}}_input\">{{label}}\n            {{#if required}}<small>{{lang 'common.required' }}</small>{{/if}}\n        </label>\n        <input type=\"text\" id=\"{{id}}_input\" name=\"{{name}}\" value=\"{{value}}\" class=\"form-input\" aria-required=\"{{required}}\" data-label=\"{{label}}\" />\n    </noscript>\n\n    <label class=\"form-label\" for=\"{{id}}_select\">{{label}}\n        {{#if required}}\n            <small>{{lang 'common.required'}}</small>\n        {{/if}}\n    </label>\n    <select name=\"{{name}}\" class=\"form-select\" aria-required=\"{{required}}\" id=\"{{id}}_select\" data-label=\"{{label}}\" {{#if private_id}}data-field-type=\"{{private_id}}\"{{/if}}>\n        {{#if options}}\n            <option value=\"\">{{chooseprefix}}</option>\n            {{#each options}}\n                <option {{#if selected}} selected {{/if}}value=\"{{value}}\">{{label}}</option>\n            {{/each}}\n        {{/if}}\n    </select>\n</div>\n",
  "components/common/forms/select": "<div class=\"form-field\" id=\"{{id}}\" data-validation=\"{{validation}}\" {{#if private_id}} data-type=\"{{private_id}}\"\n    {{/if}}>\n    <label class=\"form-label\" for=\"{{id}}_select\">{{label}}\n        {{#if required}}<small>{{lang 'common.required' }}</small>{{/if}}\n    </label>\n    <select class=\"{{class}} form-select\" id=\"{{id}}_select\" data-label=\"{{label}}\" aria-required=\"{{required}}\" name=\"{{name}}\"\n        {{#if private_id}} data-field-type=\"{{private_id}}\" {{/if}}>\n        {{#if options}}\n        <option value=\"\">{{chooseprefix}}</option>\n        {{#each options}}\n        <option {{#if selected}} selected {{/if}} value=\"{{value}}\">{{{label}}}</option>\n        {{/each}}\n        {{/if}}\n    </select>\n</div>",
  "components/common/forms/text": "<div class=\"form-field\" id=\"{{id}}\" data-validation=\"{{validation}}\" {{#if private_id}}data-type=\"{{private_id}}\"{{/if}}>\n    <label class=\"form-label\" for=\"{{id}}_input\">{{label}}\n        {{#if required}}<small>{{lang 'common.required' }}</small>{{/if}}\n    </label>\n    <input type=\"text\" id=\"{{id}}_input\" data-label=\"{{label}}\" name=\"{{name}}\" {{#if value}} value=\"{{value}}\"{{/if}} {{#if placeholder}} placeholder=\"{{placeholder}}\"{{/if}} class=\"form-input\" aria-required=\"{{required}}\" {{#if private_id}}data-field-type=\"{{private_id}}\"{{/if}} {{#if maxlength}}maxlength=\"{{maxlength}}\"{{/if}}>\n</div>\n",
  "components/common/header": "{{#if banners.top}}\n<div class=\"banners\" data-banner-location=\"top\">\n\t{{#each (limit banners.top_metadata 1)}}\n\t<div\n\t\tclass=\"banner\"\n\t\tdata-event-type=\"promotion\"\n\t\tdata-entity-id=\"{{this.id}}\"\n\t\tdata-name=\"{{this.banner-name}}\"\n\t\tdata-position=\"{{this.location}}\"\n\t\tdata-banner-id=\"{{this.banner-name}}\"\n\t>\n\t\t<div data-event-type=\"promotion-click\">\n\t\t\t{{{this.content}}}\n\t\t</div>\n\t</div>\n\t{{/each}}\n</div>\n{{/if}}\n<header class=\"header\" role=\"banner\">\n\t<a href=\"#\" class=\"mobileMenu-toggle\" data-mobile-menu-toggle=\"menu\">\n\t\t<span class=\"mobileMenu-toggleIcon\">Toggle menu</span>\n\t</a>\n\t{{> components/common/navigation}} {{#if page_type '===' 'default'}}\n\t<h1 class=\"header-logo header-logo--{{theme_settings.logo-position}}\">\n\t\t{{> components/common/store-logo}}\n\t</h1>\n\t{{else}}\n\t<div class=\"header-logo header-logo--{{theme_settings.logo-position}}\">\n\t\t{{> components/common/store-logo}}\n\t</div>\n\t{{/if}}\n\t<div class=\"navPages-container\" id=\"menu\" data-menu>\n\t\t{{> components/common/navigation-menu}}\n\t</div>\n</header>\n{{{region name=\"header_bottom\"}}}\n",
  "components/common/body": "<div class=\"body\" data-currency-code=\"{{currency_selector.active_currency_code}}\">\n    {{#block \"hero\"}} {{/block}}\n    <div class=\"container\">\n        {{#block \"page\"}} {{/block}}\n    </div>\n    {{> components/common/modal}}\n    {{> components/common/alert-modal}}\n</div>\n",
  "components/common/footer": "{{#if banners.bottom}}\n    {{#if settings.data_tag_enabled}}\n        <div class=\"banners\" data-banner-location=\"bottom\">\n            {{#each (limit banners.bottom_metadata 1)}}\n                <div class=\"banner\" data-event-type=\"promotion\" data-entity-id=\"{{this.id}}\" data-name=\"{{this.banner-name}}\" data-position=\"{{this.location}}\" data-name=\"{{this.banner-name}}\">\n                    <div data-event-type=\"promotion-click\">\n                        {{{this.content}}}\n                    </div>\n                </div>\n            {{/each}}\n        </div>\n    {{else}}\n        <div class=\"banners\" data-banner-location=\"bottom\">\n            <div class=\"banner\">\n                {{{limit banners.bottom 1}}}\n            </div>\n        </div>\n    {{/if}}\n\n{{/if}}\n<footer class=\"footer\" role=\"contentinfo\">\n    <div class=\"container\">\n        {{#if theme_settings.social_icon_placement_bottom '!==' 'bottom_none'}}\n            <article class=\"footer-info-col\n                footer-info-col--social\n                footer-info-col--{{#if theme_settings.social_icon_placement_bottom '===' 'bottom_left'}}left{{else}}right{{/if}}\"\n                data-section-type=\"footer-webPages\">\n                    <h5 class=\"footer-info-heading\">{{lang 'social.connect'}}</h5>\n                    {{> components/common/social-links}}\n            </article>\n        {{/if}}\n        <section class=\"footer-info\">\n            <article class=\"footer-info-col footer-info-col--small\" data-section-type=\"footer-webPages\">\n                <h5 class=\"footer-info-heading\">{{lang 'footer.navigate'}}</h5>\n                <ul class=\"footer-info-list\">\n                    {{#each pages}}\n                        <li>\n                            <a href=\"{{url}}\">{{name}}</a>\n                        </li>\n                    {{/each}}\n                    <li>\n                        <a href=\"{{urls.sitemap}}\">{{lang 'sitemap.page_title'}}</a>\n                    </li>\n                </ul>\n            </article>\n\n            <article class=\"footer-info-col footer-info-col--small\" data-section-type=\"footer-categories\">\n                <h5 class=\"footer-info-heading\">{{lang 'footer.categories'}}</h5>\n                <ul class=\"footer-info-list\">\n                    {{#each categories}}\n                        <li>\n                            <a href=\"{{url}}\">{{name}}</a>\n                        </li>\n                    {{/each}}\n                </ul>\n            </article>\n\n            {{#and theme_settings.shop_by_brand_show_footer shop_by_brand.length}}\n            <article class=\"footer-info-col footer-info-col--small\" data-section-type=\"footer-brands\">\n                <h5 class=\"footer-info-heading\">{{lang 'footer.brands'}}</h5>\n                <ul class=\"footer-info-list\">\n                    {{#each shop_by_brand}}\n                        <li>\n                            <a href=\"{{url}}\">{{name}}</a>\n                        </li>\n                    {{/each}}\n                    <li><a href=\"{{urls.brands}}\">{{lang 'common.view_all'}}</a></li>\n                </ul>\n            </article>\n            {{/and}}\n\n            {{#if settings.address}}\n            <article class=\"footer-info-col footer-info-col--small\" data-section-type=\"storeInfo\">\n                <h5 class=\"footer-info-heading\">{{lang 'footer.info'}}</h5>\n                <address>{{nl2br settings.address}}</address>\n                {{#if settings.phone_number}}\n                    <strong>{{lang 'footer.call_us' phone_number=settings.phone_number}}</strong>\n                {{/if}}\n            </article>\n            {{/if}}\n\n            <article class=\"footer-info-col\" data-section-type=\"newsletterSubscription\">\n                {{#if settings.show_newsletter_box}}\n                    {{> components/common/subscription-form}}\n                {{/if}}\n                {{> components/common/payment-icons}}\n            </article>\n        </section>\n        {{#if theme_settings.geotrust_ssl_common_name}}\n            <div class=\"footer-geotrust-ssl-seal\">\n                {{> components/common/geotrust-ssl-seal}}\n            </div>\n        {{/if}}\n        {{#if theme_settings.show_powered_by}}\n            <div class=\"footer-copyright\">\n                <p class=\"powered-by\">Powered by <a href=\"https://www.bigcommerce.com?utm_source=merchant&amp;utm_medium=poweredbyBC\" rel=\"nofollow\">BigCommerce</a></p>\n            </div>\n        {{/if}}\n        {{#if theme_settings.show_copyright_footer}}\n            <div class=\"footer-copyright\">\n                <p class=\"powered-by\">&copy; {{moment format=\"YYYY\"}} {{settings.store_name}} </p>\n            </div>\n        {{/if}}\n    </div>\n</footer>\n",
  "components/common/store-logo": "<a href=\"{{urls.home}}\">\n    {{#if settings.store_logo.image}}\n        {{#if theme_settings.logo_size '===' 'original'}}\n            <img class=\"header-logo-image-unknown-size\" src=\"{{getImage settings.store_logo.image 'logo_size'}}\" alt=\"{{settings.store_logo.title}}\" title=\"{{settings.store_logo.title}}\">\n        {{else}}\n            <div class=\"header-logo-image-container\">\n                <img class=\"header-logo-image\" src=\"{{getImage settings.store_logo.image 'logo_size'}}\" alt=\"{{settings.store_logo.title}}\" title=\"{{settings.store_logo.title}}\">\n            </div>\n        {{/if}}\n    {{else}}\n        <span class=\"header-logo-text\">{{settings.store_logo.title}}</span>\n    {{/if}}\n</a>\n",
  "components/common/navigation": "<nav class=\"navUser\">\n\t{{> components/common/currency-selector}}\n\n\t<ul class=\"navUser-section navUser-section--alt\">\n\t\t{{#if customer.store_credit.value '>' 0}}\n\t\t<li class=\"navUser-item\">\n\t\t\t<a\n\t\t\t\tclass=\"navUser-action navUser-action--storeCredit\"\n\t\t\t\tdata-dropdown=\"storeCredit-dropdown\"\n\t\t\t\tdata-options=\"align:bottom\"\n\t\t\t\thref=\"{{urls.cart}}\"\n\t\t\t>\n\t\t\t\t<span class=\"navUser-action-divider\"\n\t\t\t\t\t>{{lang 'common.store_credit_overview'\n\t\t\t\t\tcredit=customer.store_credit.formatted}}</span\n\t\t\t\t>\n\t\t\t</a>\n\t\t\t<div\n\t\t\t\tclass=\"dropdown-menu\"\n\t\t\t\tid=\"storeCredit-dropdown\"\n\t\t\t\tdata-dropdown-content\n\t\t\t\taria-hidden=\"true\"\n\t\t\t>\n\t\t\t\t{{{lang 'common.store_credit'\n\t\t\t\tstore_credit=customer.store_credit.formatted}}}\n\t\t\t</div>\n\t\t</li>\n\t\t{{/if}}\n\t\t<li class=\"navUser-item\">\n\t\t\t<a\n\t\t\t\tclass=\"navUser-action navUser-item--compare\"\n\t\t\t\thref=\"{{urls.compare}}\"\n\t\t\t\tdata-compare-nav\n\t\t\t\t>{{lang 'common.compare'}}\n\t\t\t\t<span class=\"countPill countPill--positive countPill--alt\"></span\n\t\t\t></a>\n\t\t</li>\n\t\t{{#if theme_settings.social_icon_placement_top}}\n\t\t<li class=\"navUser-item navUser-item--social\">\n\t\t\t{{> components/common/social-links}}\n\t\t</li>\n\t\t<li class=\"navUser-item navUser-item--divider\">|</li>\n\t\t{{/if}}\n\n\t\t<!-- This button is added to the home page for the oBundle coding challenge. -->\n\t\t<li class=\"navUser-item\">\n\t\t\t<a class=\"navUser-action navUser-action--quickSearch\" id=\"obundleButton\"\n\t\t\t\t>Click here to add 3 items to the cart</a\n\t\t\t>\n\t\t</li>\n\t\t<!-- end button for oBundle Test -->\n\t\t<li class=\"navUser-item\">\n\t\t\t<a\n\t\t\t\tclass=\"navUser-action navUser-action--quickSearch\"\n\t\t\t\thref=\"#\"\n\t\t\t\tdata-search=\"quickSearch\"\n\t\t\t\taria-controls=\"quickSearch\"\n\t\t\t\taria-expanded=\"false\"\n\t\t\t\t>{{lang 'common.search'}}</a\n\t\t\t>\n\t\t</li>\n\n\t\t{{#if settings.gift_certificates_enabled}}\n\t\t<li class=\"navUser-item\">\n\t\t\t<a class=\"navUser-action\" href=\"{{urls.gift_certificate.purchase}}\"\n\t\t\t\t>{{lang 'common.gift_cert'}}</a\n\t\t\t>\n\t\t</li>\n\t\t{{/if}}\n\t\t<li class=\"navUser-item navUser-item--account\">\n\t\t\t{{#if customer}}\n\t\t\t<a class=\"navUser-action\" href=\"{{urls.account.index}}\"\n\t\t\t\t>{{lang 'common.account'}}</a\n\t\t\t>\n\t\t\t<a class=\"navUser-action\" href=\"{{urls.auth.logout}}\"\n\t\t\t\t>{{lang 'common.logout'}}</a\n\t\t\t>\n\t\t\t{{else}}\n\t\t\t<a class=\"navUser-action\" href=\"{{urls.auth.login}}\"\n\t\t\t\t>{{lang 'common.login'}}</a\n\t\t\t>\n\t\t\t{{#if settings.account_creation_enabled}}\n\t\t\t<span class=\"navUser-or\">{{lang 'common.or'}}</span>\n\t\t\t<a class=\"navUser-action\" href=\"{{urls.auth.create_account}}\"\n\t\t\t\t>{{lang 'common.sign_up'}}</a\n\t\t\t>\n\t\t\t{{/if}} {{/if}}\n\t\t</li>\n\t\t<li class=\"navUser-item navUser-item--cart\">\n\t\t\t<a\n\t\t\t\tclass=\"navUser-action\"\n\t\t\t\tdata-cart-preview\n\t\t\t\tdata-dropdown=\"cart-preview-dropdown\"\n\t\t\t\tdata-options=\"align:right\"\n\t\t\t\thref=\"{{urls.cart}}\"\n\t\t\t>\n\t\t\t\t<span class=\"navUser-item-cartLabel\">{{lang 'common.cart'}}</span>\n\t\t\t\t<span class=\"countPill cart-quantity\"></span>\n\t\t\t</a>\n\n\t\t\t<div\n\t\t\t\tclass=\"dropdown-menu\"\n\t\t\t\tid=\"cart-preview-dropdown\"\n\t\t\t\tdata-dropdown-content\n\t\t\t\taria-hidden=\"true\"\n\t\t\t></div>\n\t\t</li>\n\t</ul>\n\t<div\n\t\tclass=\"dropdown dropdown--quickSearch\"\n\t\tid=\"quickSearch\"\n\t\taria-hidden=\"true\"\n\t\ttabindex=\"-1\"\n\t\tdata-prevent-quick-search-close\n\t>\n\t\t{{> components/common/quick-search}}\n\t</div>\n</nav>\n",
  "components/common/navigation-menu": "<nav class=\"navPages\">\n    <div class=\"navPages-quickSearch\">\n        {{> components/common/quick-search}}\n    </div>\n    <ul class=\"navPages-list{{#if theme_settings.navigation_design '!==' 'simple'}} navPages-list-depth-max{{/if}}\">\n        {{#each categories}}\n            <li class=\"navPages-item\">\n            {{#if ../theme_settings.navigation_design '===' 'simple'}}\n                {{> components/common/navigation-list}}\n            {{/if}}\n            {{#if ../theme_settings.navigation_design '===' 'alternate'}}\n                {{> components/common/navigation-list-alternate}}\n            {{/if}}\n            </li>\n        {{/each}}\n        {{#unless theme_settings.hide_content_navigation}}\n            {{#each pages}}\n                 <li class=\"navPages-item navPages-item-page\">\n                     <a class=\"navPages-action{{#if name '==' ../page.title}} activePage{{/if}}\" href=\"{{url}}\">{{name}}</a>\n                 </li>\n             {{/each}}\n        {{/unless}}\n    </ul>\n    <ul class=\"navPages-list navPages-list--user\">\n        {{#if currency_selector.currencies.length '>' 1}}\n            <li class=\"navPages-item\">\n                <a class=\"navPages-action has-subMenu\" href=\"#\" data-collapsible=\"navPages-currency\" aria-controls=\"navPages-currency\" aria-expanded=\"false\">\n                    {{lang 'common.currency' code=currency_selector.active_currency_code}} <i class=\"icon navPages-action-moreIcon\" aria-hidden=\"true\"><svg><use xmlns:xlink=\"http://www.w3.org/1999/xlink\" xlink:href=\"#icon-chevron-down\"></use></svg></i>\n                </a>\n                <div class=\"navPage-subMenu\" id=\"navPages-currency\" aria-hidden=\"true\" tabindex=\"-1\">\n                    <ul class=\"navPage-subMenu-list\">\n                        {{#each currency_selector.currencies}}\n                        <li class=\"navPage-subMenu-item\">\n                            <a class=\"navPage-subMenu-action navPages-action\" href=\"{{{switch_url}}}\">\n                                {{#if is_active}}\n                                    <strong>{{name}}</strong>\n                                {{else}}\n                                    {{name}}\n                                {{/if}}\n                            </a>\n                        </li>\n                        {{/each}}\n                    </ul>\n                </div>\n            </li>\n        {{/if}}\n        {{#if settings.gift_certificates_enabled}}\n            <li class=\"navPages-item\">\n                <a class=\"navPages-action\" href=\"{{urls.gift_certificate.purchase}}\">{{lang 'common.gift_cert'}}</a>\n            </li>\n        {{/if}}\n        {{#if customer.store_credit.value '>' 0}}\n            <li class=\"navPages-item\">\n                <a class=\"navPages-action navPages-action--storeCredit\">\n                    {{lang 'common.store_credit_overview' credit=customer.store_credit.formatted}}\n                </a>\n            </li>\n        {{/if}}\n        {{#if theme_settings.product_list_display_mode '==' 'list'}}\n            <li class=\"navPages-item\">\n                <a class=\"navPages-action navPages-action--compare\" href=\"{{urls.compare}}\" data-compare-nav>{{lang 'common.compare'}} <span class=\"countPill countPill--positive countPill--alt\"></span></a>\n            </li>\n        {{/if}}\n        {{#if customer}}\n            <li class=\"navPages-item\">\n                <a class=\"navPages-action has-subMenu\" href=\"{{urls.account.index}}\" data-collapsible=\"navPages-account\">\n                    {{lang 'common.account'}} <i class=\"icon navPages-action-moreIcon\" aria-hidden=\"true\"><svg><use xlink:href=\"#icon-chevron-down\" /></svg></i>\n                </a>\n                <div class=\"navPage-subMenu\" id=\"navPages-account\" aria-hidden=\"true\" tabindex=\"-1\">\n                    <ul class=\"navPage-subMenu-list\">\n                        <li class=\"navPage-subMenu-item\">\n                            <a class=\"navPage-subMenu-action navPages-action\" href=\"{{urls.account.orders.all}}\">{{lang 'account.nav.orders'}}</a>\n                        </li>\n                        {{#if settings.returns_enabled}}\n                            <li class=\"navPage-subMenu-item\">\n                                <a class=\"navPage-subMenu-action navPages-action\" href=\"{{urls.account.returns}}\">{{lang 'account.nav.returns'}}</a>\n                            </li>\n                        {{/if}}\n                        <li class=\"navPage-subMenu-item\">\n                            <a class=\"navPage-subMenu-action navPages-action\" href=\"{{urls.account.inbox}}\">{{lang 'account.mobile_nav.messages'}}</a>\n                        </li>\n                        <li class=\"navPage-subMenu-item\">\n                            <a class=\"navPage-subMenu-action navPages-action\" href=\"{{urls.account.addresses}}\">{{lang 'account.nav.addresses'}}</a>\n                        </li>\n                        {{#if settings.show_payment_methods}}\n                            <li class=\"navPage-subMenu-item\">\n                                <a class=\"navPage-subMenu-action navPages-action\" href=\"{{urls.account.payment_methods.all}}\">{{lang 'account.nav.payment_methods'}}</a>\n                            </li>\n                        {{/if}}\n                        <li class=\"navPage-subMenu-item\">\n                            <a class=\"navPage-subMenu-action navPages-action\" href=\"{{urls.account.wishlists.all}}\">{{lang 'account.mobile_nav.wishlists'}}</a>\n                        </li>\n                        <li class=\"navPage-subMenu-item\">\n                            <a class=\"navPage-subMenu-action navPages-action\" href=\"{{urls.account.recent_items}}\">{{lang 'account.nav.recently_viewed'}}</a>\n                        </li>\n                        <li class=\"navPage-subMenu-item\">\n                            <a class=\"navPage-subMenu-action navPages-action\" href=\"{{urls.account.details}}\">{{lang 'account.nav.settings'}}</a>\n                        </li>\n                    </ul>\n                </div>\n            </li>\n            <li class=\"navPages-item\">\n                <a class=\"navPages-action\" href=\"{{urls.auth.logout}}\">{{lang 'common.logout'}}</a>\n            </li>\n        {{else}}\n            <li class=\"navPages-item\">\n                <a class=\"navPages-action\" href=\"{{urls.auth.login}}\">{{lang 'common.login'}}</a>\n                {{#if settings.account_creation_enabled}}\n                    {{lang 'common.or'}} <a class=\"navPages-action\" href=\"{{urls.auth.create_account}}\">{{lang 'common.sign_up'}}</a>\n                {{/if}}\n            </li>\n        {{/if}}\n        {{#if theme_settings.social_icon_placement_top}}\n            <li class=\"navPages-item\">\n                {{> components/common/social-links}}\n            </li>\n        {{/if}}\n    </ul>\n</nav>\n",
  "components/common/modal": "<div id=\"modal\" class=\"modal\" data-reveal data-prevent-quick-search-close>\n    <a href=\"#\" class=\"modal-close\" aria-label=\"{{lang 'common.close'}}\" role=\"button\">\n        <span aria-hidden=\"true\">&#215;</span>\n    </a>\n    <div class=\"modal-content\"></div>\n    <div class=\"loadingOverlay\"></div>\n</div>\n",
  "components/common/alert-modal": "<div id=\"alert-modal\" class=\"modal modal--alert modal--small\" data-reveal data-prevent-quick-search-close>\n    <div class=\"swal2-icon swal2-error swal2-icon-show\"><span class=\"swal2-x-mark\"><span class=\"swal2-x-mark-line-left\"></span><span class=\"swal2-x-mark-line-right\"></span></span></div>\n\n    <div class=\"modal-content\"></div>\n\n    <div class=\"button-container\"><button type=\"button\" class=\"confirm button\" data-reveal-close>OK</button></div>\n</div>\n",
  "components/common/subscription-form": "<h5 class=\"footer-info-heading\">{{lang 'newsletter.subscribe'}}</h5>\n<p>{{lang 'newsletter.subscribe_intro'}}</p>\n\n<form class=\"form\" action=\"{{urls.subscribe.action}}\" method=\"post\">\n    <fieldset class=\"form-fieldset\">\n        <input type=\"hidden\" name=\"action\" value=\"subscribe\">\n        <input type=\"hidden\" name=\"nl_first_name\" value=\"bc\">\n        <input type=\"hidden\" name=\"check\" value=\"1\">\n        <div class=\"form-field\">\n            <label class=\"form-label is-srOnly\" for=\"nl_email\">{{lang 'common.email_address'}}</label>\n            <div class=\"form-prefixPostfix wrap\">\n                <input class=\"form-input\" id=\"nl_email\" name=\"nl_email\" type=\"email\" value=\"{{customer.email}}\" placeholder=\"{{lang 'newsletter.email_placeholder'}}\">\n                <input class=\"button button--primary form-prefixPostfix-button--postfix\" type=\"submit\" value=\"{{lang 'newsletter.subscribe_submit'}}\">\n            </div>\n            {{#if settings.show_newsletter_summary }}\n                <div class=\"footer-newsletter-summary\">{{settings.newsletter_summary}}</div>\n            {{/if}}\n        </div>\n    </fieldset>\n</form>\n",
  "components/common/payment-icons": "{{#with theme_settings}}\n    {{#or show_accept_amex show_accept_discover show_accept_mastercard show_accept_paypal show_accept_visa show_accept_amazonpay show_accept_googlepay}}\n    <div class=\"footer-payment-icons\">\n        {{#if show_accept_amex}}\n        <svg class=\"footer-payment-icon\"><use xlink:href=\"#icon-logo-american-express\"></use></svg>\n        {{/if}}\n        {{#if show_accept_discover}}\n        <svg class=\"footer-payment-icon\"><use xlink:href=\"#icon-logo-discover\"></use></svg>\n        {{/if}}\n        {{#if show_accept_mastercard}}\n        <svg class=\"footer-payment-icon\"><use xlink:href=\"#icon-logo-mastercard\"></use></svg>\n        {{/if}}\n        {{#if show_accept_paypal}}\n        <svg class=\"footer-payment-icon\"><use xlink:href=\"#icon-logo-paypal\"></use></svg>\n        {{/if}}\n        {{#if show_accept_visa}}\n        <svg class=\"footer-payment-icon\"><use xlink:href=\"#icon-logo-visa\"></use></svg>\n        {{/if}}\n        {{#if show_accept_amazonpay}}\n        <svg class=\"footer-payment-icon\"><use xlink:href=\"#icon-logo-amazonpay\"></use></svg>\n        {{/if}}\n        {{#if show_accept_googlepay}}\n        <svg class=\"footer-payment-icon\"><use xlink:href=\"#icon-logo-googlepay\"></use></svg>\n        {{/if}}\n    </div>\n    {{/or}}\n{{/with}}\n",
  "components/common/social-links": "{{#if social_media}}\n    <ul class=\"socialLinks socialLinks--alt\">\n        {{#each social_media}}\n            <li class=\"socialLinks-item\">\n                <a class=\"icon icon--{{display_name}}\" href=\"{{url}}\" target=\"_blank\">\n                    <svg><use xlink:href=\"#icon-{{display_name}}\" /></svg>\n                </a>\n            </li>\n        {{/each}}\n    </ul>\n{{/if}}\n",
  "components/common/geotrust-ssl-seal": "<table width=\"135\" border=\"0\" cellpadding=\"2\" cellspacing=\"0\" title=\"Click to Verify - This site chose GeoTrust SSL for secure e-commerce and confidential communications.\">\n    <tr>\n        <td width=\"135\" align=\"center\" valign=\"top\">\n            <script type=\"text/javascript\" src=\"https://seal.geotrust.com/getgeotrustsslseal?host_name={{theme_settings.geotrust_ssl_common_name}}&amp;size={{theme_settings.geotrust_ssl_seal_size}}&amp;lang={{locale_name}}\"></script><br />\n            <a href=\"http://www.geotrust.com/ssl/\" target=\"_blank\"  style=\"color:#000000; text-decoration:none; font:bold 7px verdana,sans-serif; letter-spacing:.5px; text-align:center; margin:0px; padding:0px;\"></a>\n        </td>\n    </tr>\n</table>\n",
  "components/common/quick-search": "<div class=\"container\">\n    <form class=\"form\" action=\"{{urls.search}}\">\n        <fieldset class=\"form-fieldset\">\n            <div class=\"form-field\">\n                <label class=\"is-srOnly\" for=\"search_query\">{{lang \"search.quick_search.input_label\"}}</label>\n                <input class=\"form-input\" data-search-quick name=\"search_query\" id=\"search_query\" data-error-message=\"{{lang 'search.error.empty_field'}}\" placeholder=\"{{lang 'search.quick_search.input_placeholder'}}\" autocomplete=\"off\">\n            </div>\n        </fieldset>\n    </form>\n    <section class=\"quickSearchResults\" data-bind=\"html: results\"></section>\n</div>\n",
  "components/common/currency-selector": "{{#if currency_selector.currencies.length '>' 1}}\n<ul class=\"navUser-section\">\n    <li class=\"navUser-item\">\n        <a class=\"navUser-action navUser-action--currencySelector has-dropdown\" href=\"#\" data-dropdown=\"currencySelection\" aria-controls=\"currencySelection\" aria-expanded=\"false\">{{lang 'common.currency' code=currency_selector.active_currency_code}} <i class=\"icon\" aria-hidden=\"true\"><svg><use xlink:href=\"#icon-chevron-down\" /></svg></i></a>\n        <ul class=\"dropdown-menu\" id=\"currencySelection\" data-dropdown-content aria-hidden=\"true\" tabindex=\"-1\">\n            {{#each currency_selector.currencies}}\n            <li class=\"dropdown-menu-item\">\n                <a href=\"{{{switch_url}}}\">\n                    {{#if is_active}}\n                    <strong>{{name}}</strong>\n                    {{else}}\n                    {{name}}\n                    {{/if}}\n                </a>\n            </li>\n            {{/each}}\n        </ul>\n    </li>\n</ul>\n{{/if}}\n",
  "components/common/navigation-list": "{{#if children}}\n<a class=\"navPages-action has-subMenu{{#if is_active}} activePage{{/if}}\" href=\"{{url}}\" data-collapsible=\"navPages-{{id}}\">\n    {{name}} <i class=\"icon navPages-action-moreIcon\" aria-hidden=\"true\"><svg><use xlink:href=\"#icon-chevron-down\" /></svg></i>\n</a>\n<div class=\"navPage-subMenu\" id=\"navPages-{{id}}\" aria-hidden=\"true\" tabindex=\"-1\">\n    <ul class=\"navPage-subMenu-list\">\n        <li class=\"navPage-subMenu-item\">\n            <a class=\"navPage-subMenu-action navPages-action\" href=\"{{url}}\">{{lang 'category.view_all.name' category=name}}</a>\n        </li>\n        {{#each children}}\n            <li class=\"navPage-subMenu-item\">\n                {{#if children}}\n                    <a\n                        class=\"navPage-subMenu-action navPages-action has-subMenu{{#if is_active}} activePage{{/if}}\"\n                        href=\"{{url}}\"\n                        data-collapsible=\"navPages-{{id}}\"\n                        data-collapsible-disabled-breakpoint=\"medium\"\n                        data-collapsible-disabled-state=\"open\"\n                        data-collapsible-enabled-state=\"closed\">\n                        {{name}} <i class=\"icon navPages-action-moreIcon\" aria-hidden=\"true\"><svg><use xlink:href=\"#icon-chevron-down\" /></svg></i>\n                    </a>\n                    <ul class=\"navPage-childList\" id=\"navPages-{{id}}\">\n                        {{#each children}}\n                        <li class=\"navPage-childList-item\">\n                            <a class=\"navPage-childList-action navPages-action{{#if is_active}} activePage{{/if}}\" href=\"{{url}}\">{{name}}</a>\n                        </li>\n                        {{/each}}\n                    </ul>\n                {{else}}\n                    <a class=\"navPage-subMenu-action navPages-action{{#if is_active}} activePage{{/if}}\" href=\"{{url}}\">{{name}}</a>\n                {{/if}}\n            </li>\n        {{/each}}\n    </ul>\n</div>\n{{else}}\n<a class=\"navPages-action{{#if is_active}} activePage{{/if}}\" href=\"{{url}}\">{{name}}</a>\n{{/if}}\n",
  "components/common/navigation-list-alternate": "{{#if children}}\n    <a class=\"navPages-action navPages-action-depth-max has-subMenu is-root{{#if is_active}} activePage{{/if}}\" href=\"{{url}}\" data-collapsible=\"navPages-{{id}}\">\n        {{name}} <i class=\"icon navPages-action-moreIcon\" aria-hidden=\"true\"><svg><use xlink:href=\"#icon-chevron-down\" /></svg></i>\n    </a>\n    {{> components/common/navigation-dropdown}}\n{{else}}\n    <a class=\"navPages-action{{#if is_active}} activePage{{/if}}\" href=\"{{url}}\">{{name}}</a>\n{{/if}}\n",
  "components/common/navigation-dropdown": "<div class=\"navPage-subMenu navPage-subMenu-horizontal\" id=\"navPages-{{id}}\" aria-hidden=\"true\" tabindex=\"-1\">\n    <ul class=\"navPage-subMenu-list\">\n        <li class=\"navPage-subMenu-item-parent\">\n            <a class=\"navPage-subMenu-action navPages-action navPages-action-depth-max\" href=\"{{url}}\">{{lang 'category.view_all.name' category=name}}</a>\n        </li>\n        {{#each children}}\n            <li class=\"navPage-subMenu-item-child\">\n                {{#if children}}\n                    <a class=\"navPage-subMenu-action navPages-action navPages-action-depth-max has-subMenu{{#if is_active}} activePage{{/if}}\" href=\"{{url}}\" data-collapsible=\"navPages-{{id}}\">\n                        {{name}} <i class=\"icon navPages-action-moreIcon\" aria-hidden=\"true\"><svg><use xlink:href=\"#icon-chevron-down\" /></svg></i>\n                    </a>\n                    {{> components/common/navigation-dropdown}}\n                {{else}}\n                    <a class=\"navPage-subMenu-action navPages-action{{#if is_active}} activePage{{/if}}\" href=\"{{url}}\">{{name}}</a>\n                {{/if}}\n            </li>\n        {{/each}}\n    </ul>\n</div>\n"
}